id;task_name;start_date;end_date;description
1;withdrawal Avon rich;2022-04-09T08:15:52;2022-04-09T16:00:35;../fake-data/blob/hipster.txt
2;Gloves Web;2022-04-10T03:22:17;2022-04-10T07:02:08;../fake-data/blob/hipster.txt
3;Supervisor Baby;2022-04-10T00:45:58;2022-04-10T04:02:00;../fake-data/blob/hipster.txt
4;virtual Frozen;2022-04-09T10:01:58;2022-04-09T20:22:14;../fake-data/blob/hipster.txt
5;circuit transmit Designer;2022-04-09T14:46:38;2022-04-09T16:04:53;../fake-data/blob/hipster.txt
6;Licensed Officer;2022-04-10T04:01:21;2022-04-09T11:19:55;../fake-data/blob/hipster.txt
7;Clothing copying back-end;2022-04-09T11:13:06;2022-04-10T07:23:45;../fake-data/blob/hipster.txt
8;Shilling Movies;2022-04-09T13:45:26;2022-04-10T05:35:44;../fake-data/blob/hipster.txt
9;Avon recontextualize Fantastic;2022-04-10T02:01:41;2022-04-09T14:10:31;../fake-data/blob/hipster.txt
10;Switchable Industrial;2022-04-09T20:58:17;2022-04-09T18:18:38;../fake-data/blob/hipster.txt
